,E0_Total,E1_Reviews,E2_Comments,E3_Weighted,Wasted_E0_Total,Wasted_E1_Reviews,Wasted_E2_Comments,Wasted_E3_Weighted
count,33596.0,33596.0,33596.0,33596.0,33596.0,33596.0,33596.0,33596.0
mean,42.7006786522205,14.068192641981188,28.632486010239315,56.76887129420169,9.794737468746279,3.228003333730206,6.566734135016073,13.022740802476486
std,11.144343812159756,3.72206275780091,7.427881779843457,14.863609003802997,18.884950638187306,6.230650045062243,12.65510688926043,25.11519442096763
min,16.0,5.0,11.0,21.0,0.0,0.0,0.0,0.0
25%,37.0,12.0,25.0,49.0,0.0,0.0,0.0,0.0
50%,42.0,14.0,28.0,56.0,0.0,0.0,0.0,0.0
75%,45.0,15.0,30.0,60.0,0.0,0.0,0.0,0.0
max,315.0,105.0,210.0,420.0,271.0,90.0,181.0,361.0
