Model,AUC,Delta AUC
Full Model,0.8330531850702526,0.0
No Agent ID,0.8154677594408006,-0.01758542562945198
No Text/Intent,0.8245828631544302,-0.00847032191582242
No Complexity,0.769900566957394,-0.06315261811285866
