agent,total_closed,merged_count,rejected_count,acceptance_rate,median_turnaround_merged_hours,median_turnaround_rejected_hours
Claude_Code,380,271,109,0.7131578947368421,1.4736111111111112,8.261944444444444
Copilot,3891,2139,1752,0.5497301464919044,17.650833333333335,7.33
Cursor,1347,1005,342,0.7461024498886414,0.6433333333333333,5.804444444444444
Devin,4673,2595,2078,0.5553177830087738,2.269722222222222,94.04319444444445
OpenAI_Codex,20993,18004,2989,0.8576192064021341,0.014166666666666666,1.6505555555555556
