quartile,n_prs,size_only_precision,full_model_precision,lift,lift_pct,size_only_recall,full_model_recall
Q1_Small,7866,0.2288135593220339,0.3665254237288136,0.13771186440677968,60.1851851851852,0.2706766917293233,0.43358395989974935
Q2_Medium,7778,0.259656652360515,0.3776824034334764,0.11802575107296143,45.45454545454548,0.33060109289617484,0.4808743169398907
Q3_Large,7820,0.26439232409381663,0.48187633262260127,0.21748400852878463,82.25806451612902,0.26439232409381663,0.48187633262260127
Q4_XL,7820,0.5415778251599147,0.7739872068230277,0.23240938166311298,42.91338582677165,0.2841163310961969,0.40604026845637586
