threshold_days,ghosted_count,rate_pct
7,1534,64.89001692047377
14,1527,64.59390862944161
30,1524,64.46700507614213
