type,count,mean_effort,median_effort
Ghosted,1527,3.4027504911591357,3.0
Rejected (Non-Ghost),5743,2.054849381856173,1.0
Merged,24014,1.7630548846506204,0.0
