feature,rate_0,rate_1,diff,n_0,n_1
touches_ci,65.82699619771863,48.47161572052402,-17.355380477194608,2104,229
touches_deps,66.08695652173913,53.96825396825397,-12.118702553485157,1955,378
touches_tests,74.52471482889734,55.5815768930523,-18.943137935845044,1052,1281
touches_docs,65.69560047562426,60.06144393241167,-5.63415654321259,1682,651
