Left_Out_Agent,Train_Size,Test_Size,Test_Positive_Rate,AUC,PR_AUC
OpenAI_Codex,11797,21799,0.2420753245561723,0.9562599211066785,0.8938262850008367
Copilot,28626,4970,0.2386317907444668,0.9644589449140608,0.9095636610403917
Devin,28769,4827,0.24114356743318832,0.9595073048681297,0.900478358030689
Cursor,32055,1541,0.25048669695003245,0.9561828499652334,0.8903047392932635
Claude_Code,33137,459,0.2178649237472767,0.9511142061281337,0.8799327545888774
