Left_Out_Agent,Train_Size,Test_Size,AUC
Claude_Code,20715,359,0.656063988095238
Copilot,17267,3807,0.7798775398179508
OpenAI_Codex,9948,11126,0.8017360215903325
Cursor,19891,1183,0.6631936994922406
Devin,16475,4599,0.6607953170505525
