Pool,Count,Pct
All PRs,31284,100.0
Rejected,7270,23.23871627669096
Rejected + Feedback,2364,7.556578442654392
Missing Followup TS,1524,64.46700507614213
