accuracy,precision,recall,f1,auc,pr_auc,brier_score,target
0.7567003132613992,0.742998352553542,0.6997672614429791,0.7207351178585697,0.8377498315192266,0.8069531807608875,0.16301646959506372,high_cost
0.7713191785589976,0.4447852760736196,0.23349436392914655,0.30623020063357975,0.657129250649986,0.36197885571352817,0.16780973775390726,ghosting
