accuracy,precision,recall,f1,auc,pr_auc,brier_score,model
0.7441860465116279,0.6701791359325606,0.6618106139438086,0.6659685863874345,0.8159458272496917,0.7456249857402487,0.16928471171449933,high_cost
0.9149959903769046,0.0,0.0,0.0,0.6207708398789542,0.13412676949228142,0.08324125023482,ghosting
0.7016840417000801,0.5947598253275109,0.708636836628512,0.6467236467236467,0.7702986601394367,0.6415309218952377,0.192024177050662,high_cost_snapshot
0.673616680032077,0.10498687664041995,0.37735849056603776,0.16427104722792607,0.5680200254659103,0.11419808781090046,0.1909702905981445,ghosting_snapshot
