accuracy,precision,recall,f1,auc,pr_auc,brier_score,target
0.7549599721545422,0.7447698744769874,0.6904577191621412,0.71658615136876,0.8368324928885442,0.8054257644703392,0.1639584965426588,high_cost
0.7702749738948834,0.4434782608695652,0.2463768115942029,0.3167701863354037,0.6592729883331474,0.3742829385001372,0.16768029445377408,rejected_with_effort
0.6139923424991298,0.20394736842105263,0.6375321336760925,0.3090342679127726,0.6601617964225542,0.23685878371863828,0.2197002437835804,true_ghosting
