Effort_Def,AUC,Jaccard_w_E0
E0,0.8534340288591302,1.0
E1,0.8292077756048529,0.5516840882694541
E2,0.7906666426023186,0.5041407867494824
E3,0.8588445438008196,0.8212209302325582
