model,AUC,PR-AUC,time_sec
Stacking Ensemble,0.9583918568136777,0.8970447605406742,9.035186052322388
LightGBM (Baseline),0.9579859331273307,0.8967061589882502,3.1443569660186768
Voting Ensemble,0.9579767624376273,0.8959813083710394,4.983576774597168
HistGradientBoosting,0.9576720783389275,0.8955876595184034,0.35782766342163086
Random Forest,0.9569192371144571,0.8921818730904701,0.5373690128326416
Deep MLP,0.9548793619902908,0.8907303004323806,25.23483443260193
