Metric,Instant,Normal
Acceptance Rate,0.9349657198824681,0.6865331688336339
Ghosting Rate,1.0,0.6412344620660094
