Model,Target,AUC
Snapshot,High Cost,0.5083333789042013
Full,High Cost,0.9883160437460446
