Model,AUC,Features
Snapshot,0.9580781226922441,15
Full,0.9580781226922441,15
