{
  "total_prs": 33596,
  "num_agents": 5,
  "high_cost_rate": 0.24148708179545184,
  "ghost_rate_all": 0.12016311465650673,
  "ghost_rate_rejected": 0.1125171939477304
}