{
  "overall": {
    "AUC": {
      "mean": 0.9378916079557718,
      "ci_low": 0.9313171656912497,
      "ci_high": 0.9444060399780044
    },
    "AUPRC": {
      "mean": 0.8680443341587886,
      "ci_low": 0.8558630127303716,
      "ci_high": 0.8809020835010598
    },
    "Prec@20": {
      "mean": 0.838267657992565,
      "ci_low": 0.8126022304832714,
      "ci_high": 0.8591263940520446
    }
  },
  "slices": {}
}