{
  "prob_pred": [
    0.00029760842390718175,
    0.0028818178949135756,
    0.008642886255948086,
    0.021398853185088457,
    0.05835326124923872,
    0.15692047306046408,
    0.3497039395739875,
    0.6649693491086051,
    0.8893137820621243,
    0.9948477531024366
  ],
  "prob_true": [
    0.0,
    0.0014858841010401188,
    0.0,
    0.008915304606240713,
    0.02823179791976226,
    0.06845238095238096,
    0.1723625557206538,
    0.40625,
    0.7459138187221397,
    0.9821693907875185
  ]
}