Model,AUC,Features
Snapshot-Only,0.5250452742470623,7
Full-PR,0.9576432389331495,13
