Model,AUC,Num_Features
Snapshot-Only,0.527854642637529,6
Full-PR,0.9576432389331496,13
